6;7211;7800068010156;1;01-07-2026
6;4231;7800007114525;3;01-07-2026
6;10576;7805357001815;1;01-07-2026
6;7520;7800097002412;1;01-07-2026
6;24440;8903726287200;1;01-07-2026
6;24339;7800026004616;1;01-07-2026
6;5513;7800028001217;1;01-07-2026
6;3255;7730997410577;1;01-07-2026
6;12471;8711231114306;1;01-07-2026
6;6669;7800060118782;1;01-08-2026
6;5197;7800026001080;0;01-08-2026
6;14185;7804653720406;0;01-08-2026
6;17850;7804650884712;0;01-08-2026
6;12424;8470001859853;1;01-08-2026
6;26413;7502221187100;1;01-08-2026
6;21947;5031413938326;0;01-08-2026
6;21945;5031413938319;1;01-08-2026
6;21940;5031413938302;1;01-08-2026
6;21939;5031413938296;1;01-08-2026
6;5181;7800023226103;1;01-08-2026
6;1369;5038483747773;1;01-08-2026
6;4845;7800018078113;0;01-08-2026
6;21240;3600524095567;1;01-08-2026
6;15297;8710428018588;1;01-08-2026
6;12464;8710428999481;0;01-08-2026
6;24344;7800060416451;0;01-08-2026
6;2035;7501298222677;1;01-08-2026
6;25287;7804948820170;1;01-08-2026
6;3852;7798140251910;0;01-08-2026
6;9522;7804923031492;1;01-08-2026
6;21091;7804923025675;1;01-08-2026
6;1933;7501035908925;0;01-08-2026
6;20726;7804650885870;1;01-08-2026
6;11942;7897930762145;0;01-08-2026
6;24278;7800004000357;1;01-08-2026
6;13184;7800068017445;1;01-08-2026
6;25475;7804907994362;1;01-08-2026
6;7152;7800063330396;1;01-08-2026
6;26240;7703378549043;1;01-08-2026
6;6990;7800063116419;1;01-08-2026
6;15988;7702027047961;1;01-08-2026
6;23407;7805357002294;1;01-09-2026
6;8318;7804641330242;2;01-09-2026
6;17367;7804918450963;1;01-09-2026
6;22445;7502221187551;1;01-09-2026
6;18677;7805633021766;1;01-09-2026
6;142;77954978;1;01-09-2026
6;21227;7509552902082;1;01-09-2026
6;15266;8710428018564;3;01-09-2026
6;11771;7800046005136;3;01-09-2026
6;8609;7804900610955;1;01-09-2026
6;25496;7794640172618;0;01-09-2026
6;13748;4005800005541;1;01-09-2026
6;11569;7809622000725;1;01-09-2026
6;13986;7800007804013;0;01-09-2026
6;5983;7800041042853;1;01-09-2026
6;23222;7800046005631;1;01-09-2026
6;15706;7509552849660;1;01-09-2026
6;22422;7509552909678;2;01-09-2026
6;23112;7509552922950;1;01-09-2026
6;15876;7800004004881;1;01-09-2026
6;5534;7800028001842;1;01-09-2026
6;12290;8427426033269;0;01-09-2026
6;11376;7809591401141;1;01-09-2026
6;2302;7509546004488;1;01-09-2026
6;8509;7804656600453;1;01-09-2026
6;7243;7800068010873;1;01-09-2026
6;22415;4006000087054;1;01-09-2026
6;18287;4005900919588;3;01-09-2026
6;997;4005808538560;1;01-09-2026
6;24290;8436024616644;0;01-09-2026
6;23609;8903726304419;0;01-09-2026
6;9406;7804920006424;1;01-09-2026
6;4687;7800007804877;0;01-09-2026
6;22913;7500435143189;1;01-09-2026
6;23036;737186534103;1;01-09-2026
6;25667;7805633026006;1;01-09-2026
6;7433;7800070004549;1;01-09-2026
6;26280;8903726339022;0;01-09-2026
6;18179;7797600010074;1;01-09-2026
6;3890;7798176420618;1;01-09-2026
6;8349;7804650311171;1;01-09-2026
6;6654;7800060116573;1;01-09-2026
6;5653;7800029004200;1;01-09-2026
6;15510;7809591402995;0;01-09-2026
6;7209;7800068010118;1;01-10-2026
6;1805;7500435130622;1;01-10-2026
6;26352;8904208905131;1;01-10-2026
6;25858;7805357002263;0;01-10-2026
6;16077;8904159675589;4;01-10-2026
6;15459;3664798040579;1;01-10-2026
6;6149;7800046005259;1;01-10-2026
6;26523;3662042008511;1;01-10-2026
6;5218;7800026003268;5;01-10-2026
6;5189;7800023226608;2;01-10-2026
6;4714;7800007807106;0;01-10-2026
6;5341;7800026017616;0;01-10-2026
6;14850;7803501004422;2;01-10-2026
6;20604;7800060154155;1;01-10-2026
6;14205;7804657990362;3;01-10-2026
6;4312;7800007153500;1;01-10-2026
6;26208;7804902048077;1;01-10-2026
6;3210;7730969300943;1;01-10-2026
6;22637;7800038001207;1;01-10-2026
6;25153;300960738044;1;01-10-2026
6;1457;5997001370117;0;01-10-2026
6;7155;7800063330525;10;01-10-2026
6;26251;7805000324742;1;01-10-2026
6;23453;7795373003330;1;01-10-2026
6;3598;7794490630443;1;01-10-2026
6;6301;7800050002602;1;01-10-2026
6;27267;850059630044;4;01-10-2026
6;27268;850059630037;5;01-10-2026
6;1335;7805010005099;2;01-10-2026
6;8383;7804650881629;1;01-10-2026
6;5040;7800018001173;1;01-10-2026
6;8403;7804650882824;1;01-10-2026
6;21961;764451229495;1;01-10-2026
6;21961;764451229495;5;01-10-2026
6;24129;731416393034;1;01-10-2026
6;21225;7896006202141;1;01-10-2026
6;26436;7800063004129;1;01-10-2026
6;26437;7800063004136;0;01-10-2026
6;26438;7800063004143;0;01-10-2026
6;15763;8429420268296;1;01-10-2026
6;18028;7804633500745;1;01-10-2026
6;4722;7800007808790;2;01-10-2026
6;23701;7509546688220;1;01-10-2026
6;1933;7501035908925;1;01-10-2026
6;8013;7804620832057;1;01-10-2026
6;1367;5027314502988;1;01-10-2026
6;1982;7501059283497;0;01-10-2026
6;24203;7804902040675;2;01-10-2026
6;7113;7800063311333;1;01-10-2026
6;6721;7800060129399;1;01-10-2026
6;18217;4006000067230;1;01-10-2026
6;26137;7500435202848;1;01-10-2026
6;3932;7800004000340;3;01-10-2026
6;21908;7500435212342;1;01-10-2026
6;15905;7800063001746;1;01-10-2026
6;6895;7800063001494;3;01-10-2026
6;6744;7800060138971;1;01-10-2026
6;14737;7730963250244;1;01-10-2026
6;14736;7730963250251;2;01-10-2026
6;14740;7730963250688;2;01-10-2026
6;14738;7730963250237;1;01-10-2026
6;15873;7800038000675;1;01-10-2026
6;6881;7800063000831;1;01-10-2026
6;22795;7500435143196;1;01-10-2026
6;10913;7805633019527;1;01-10-2026
6;21691;7800086802900;1;01-10-2026
6;26546;7750327000100;2;01-10-2026
6;26547;7750327000063;1;01-10-2026
6;24328;7750327000070;1;01-10-2026
6;23551;7891317033590;3;01-10-2026
6;23455;7804633500639;1;01-10-2026
6;5167;7800020187834;1;01-10-2026
6;6190;7800046005198;4;01-10-2026
6;1414;5413895015779;1;01-10-2026
6;25648;810100850258;2;01-10-2026
6;25642;810100850289;2;01-10-2026
6;7829;7804605270461;2;01-10-2026
6;11813;7895559320036;1;01-10-2026
6;11458;7809599501966;1;01-10-2026
6;11459;7809599501973;1;01-10-2026
6;16040;8713184155351;1;01-10-2026
6;22492;7800006011153;1;01-10-2026
6;13978;7800006008856;1;01-10-2026
6;22701;4007221043003;1;01-10-2026
6;25862;3337875795265;1;01-10-2026
6;24292;3337875837149;1;01-10-2026
6;6502;7800059004416;1;01-10-2026
6;14024;7800038000477;2;01-10-2026
6;5827;7800038000071;1;01-10-2026
6;5837;7800038000309;2;01-10-2026
6;5836;7800038000293;1;01-10-2026
6;5838;7800038000316;1;01-10-2026
6;1676;6948169301535;1;01-11-2026
6;4968;7800018000466;0;01-11-2026
6;5628;7800029002480;2;01-11-2026
6;8069;7804620833818;2;01-11-2026
6;18233;7800007808950;6;01-11-2026
6;23795;75076290;1;01-11-2026
6;3579;7793640679844;1;01-11-2026
6;4302;7800007143389;0;01-11-2026
6;4814;7500435242172;3;01-11-2026
6;5245;7800026005767;1;01-11-2026
6;5872;7800038041371;12;01-11-2026
6;4556;7800007749772;1;01-11-2026
6;3925;7800004000111;1;01-11-2026
6;5637;7804900000848;2;01-11-2026
6;NO TIENE;15694;14;01-11-2026
6;23311;7804676070168;15;01-11-2026
6;3249;7730979098045;1;01-11-2026
6;26152;7804667110606;1;01-11-2026
6;24169;7798032937441;5;01-11-2026
6;8406;7804650883197;2;01-11-2026
6;4977;7800018000503;2;01-11-2026
6;1074;4005900436979;1;01-11-2026
6;2036;7501298222684;0;01-11-2026
6;23062;7800004005932;1;01-11-2026
6;23440;7804960111041;1;01-11-2026
6;1432;5702191029673;1;01-11-2026
6;17003;5000158069060;3;01-11-2026
6;23421;7801505002864;1;01-11-2026
6;17699;7804620835652;2;01-11-2026
6;22459;7804620836109;5;01-11-2026
6;9321;7804918500118;2;01-11-2026
6;24357;7804918452905;2;01-11-2026
6;15278;7804625951739;1;01-11-2026
6;24272;7804625951746;1;01-11-2026
6;17100;8429420218673;1;01-11-2026
6;25824;8429420251694;2;01-11-2026
6;845;3614227275799;1;01-11-2026
6;24395;7800038001238;1;01-11-2026
6;2394;7509546067940;1;01-11-2026
6;21120;7702031278245;1;01-11-2026
6;7721;7803504001640;1;01-11-2026
6;154;78026520;1;01-11-2026
6;20726;7804650885870;1;01-11-2026
6;15904;7800063001401;1;01-11-2026
6;4214;7800007104991;1;01-11-2026
6;4495;7800007710802;1;01-11-2026
6;24764;7800016000345;1;01-11-2026
6;4297;7800007142573;4;01-11-2026
6;1080;4005900985798;1;01-11-2026
6;2751;7702026147020;3;01-11-2026
6;11341;7809576412179;2;01-11-2026
6;6541;7800060003217;2;01-11-2026
6;15343;7804900000367;2;01-11-2026
6;17521;7891317002435;1;01-11-2026
6;11888;7805750005038;1;01-11-2026
6;6742;7800060138704;1;01-11-2026
6;5933;7800038045751;1;01-11-2026
6;15609;7795373044555;1;01-11-2026
6;17517;7805633024880;1;01-11-2026
6;10936;7805633022602;1;01-11-2026
6;23702;827854010746;1;01-11-2026
6;14478;7861148022285;2;01-11-2026
6;5524;7800028001521;0;01-11-2026
6;5535;7800028001859;2;01-11-2026
6;421;736085413229;2;01-11-2026
6;NO TIENE;7831;0;01-11-2026
6;3814;7797600002390;1;01-11-2026
6;4172;7800006006517;1;01-11-2026
6;8183;7804629990062;1;01-11-2026
6;12605;8903726312391;2;01-11-2026
6;136;75046330;69;01-11-2026
6;3243;7730979097017;1;01-11-2026
6;14994;7800004004539;0;01-11-2026
6;15628;7800004004508;1;01-11-2026
6;21133;7804620833931;2;01-11-2026
6;4532;7800007727534;1;01-12-2026
6;74;7804629440598;1;01-12-2026
6;15019;7804620836284;2;01-12-2026
6;9209;7804918401149;1;01-12-2026
6;20775;8902281613707;2;01-12-2026
6;18278;8902281613981;2;01-12-2026
6;14977;7800060155558;3;01-12-2026
6;21710;7805357002126;1;01-12-2026
6;13894;7703281002024;1;01-12-2026
6;23960;7800028005727;1;01-12-2026
6;7231;7800068010620;1;01-12-2026
6;15458;3664798040623;10;01-12-2026
6;7389;7800070000046;5;01-12-2026
6;4345;7800007187833;6;01-12-2026
6;25031;7800007809599;2;01-12-2026
6;11833;7896014184538;1;01-12-2026
6;NO TIENE;15695;15;01-12-2026
6;7759;7803510001931;19;01-12-2026
6;22600;7804673040218;55;01-12-2026
6;11763;7800046005587;7;01-12-2026
6;15828;7800057001875;1;01-12-2026
6;24171;7501065025791;2;01-12-2026
6;4349;7800007313645;6;01-12-2026
6;23041;5015833320381;1;01-12-2026
6;9270;7804918404119;4;01-12-2026
6;25597;8437027410086;11;01-12-2026
6;11775;7800046005235;11;01-12-2026
6;6982;7800063115856;5;01-12-2026
6;25165;7800060403123;1;01-12-2026
6;5954;7800038000774;1;01-12-2026
6;23704;7509552798456;1;01-12-2026
6;22831;7509552930535;1;01-12-2026
6;7754;7800059006496;2;01-12-2026
6;18394;7808718200339;1;01-12-2026
6;11318;7809561400662;1;01-12-2026
6;4584;7800007771278;3;01-12-2026
6;11817;7896004758022;1;01-12-2026
6;26543;7804918453483;2;01-12-2026
6;8174;7804629440604;1;01-12-2026
6;2376;7509546063461;1;01-12-2026
6;NO TIENE;44677710602;1;01-12-2026
6;9347;7804918500842;0;01-12-2026
6;14142;7804620835164;6;01-12-2026
6;11595;7861148021745;1;01-12-2026
6;4369;7800007386526;5;01-12-2026
6;4404;7800007478801;4;01-12-2026
6;5191;7800023226707;1;01-12-2026
6;21144;8445290731432;1;01-12-2026
6;25037;7809576419871;1;01-12-2026
6;26406;7809576419956;1;01-12-2026
6;25043;7809576419444;1;01-12-2026
6;24336;7809576419895;1;01-12-2026
6;22826;7800046005686;1;01-12-2026
6;2206;7506295304227;2;01-12-2026
6;17514;7800004006113;3;01-12-2026
6;15673;8699721231200;4;01-12-2026
6;15672;8699721226107;5;01-12-2026
6;15671;8699721225209;9;01-12-2026
6;17445;7805000311353;3;01-12-2026
6;5492;7800028000081;5;01-12-2026
6;6261;7891317039042;1;01-12-2026
6;9281;7804918441336;1;01-12-2026
6;26439;6950996004138;4;01-12-2026
6;25837;6950996004152;9;01-12-2026
6;7731;7803504003057;2;01-12-2026
6;25924;7804667110675;1;01-12-2026
6;25925;7804667110668;1;01-12-2026
6;25314;7805633028741;3;01-12-2026
6;23034;737186534127;1;01-12-2026
6;2334;7509546046822;1;01-12-2026
6;27401;7800026008188;1;01-12-2026
6;24879;7800004007073;6;01-12-2026
6;5288;7800026009994;1;01-12-2026
6;17705;5420036979470;2;01-12-2026
6;3806;7797600000648;1;01-12-2026
6;3258;7730997410607;4;01-12-2026
6;11450;7809599501669;1;01-12-2026
6;8349;7804650311171;1;01-12-2026
6;8185;7804629990154;1;01-12-2026
6;4892;7800018123929;1;01-12-2026
6;6245;7800046005549;2;01-12-2026
6;25131;7800060174344;288;01-01-2027
6;5666;7800030075008;2;01-01-2027
6;1406;5392000067417;2;01-01-2027
6;2596;7590002012383;3;01-01-2027
6;2596;7590002012383;4;01-01-2027
6;4601;7800007782120;3;01-01-2027
6;25868;3337875797467;1;01-01-2027
6;21928;3282770149128;1;01-01-2027
6;11711;7891106000154;1;01-01-2027
6;23968;7809576419864;4;01-01-2027
6;25683;7800028005734;1;01-01-2027
6;4302;7800007143389;2;01-01-2027
6;5265;7800026006962;3;01-01-2027
6;25052;7500435251655;1;01-01-2027
6;NO TIENE;19100238473;3;01-01-2027
6;15364;7809576418430;1;01-01-2027
6;25239;8903831007588;2;01-01-2027
6;7204;7800068010040;2;01-01-2027
6;3569;7793640992615;6;01-01-2027
6;4612;7800007788320;1;01-01-2027
6;5646;7804900000800;1;01-01-2027
6;5638;7804900000855;1;01-01-2027
6;25672;7896090611768;1;01-01-2027
6;11777;7891317120573;3;01-01-2027
6;11776;7891317120566;1;01-01-2027
6;1452;5997001367513;1;01-01-2027
6;11412;7809591402049;2;01-01-2027
6;16039;7800068011429;1;01-01-2027
6;175;78924529;2;01-01-2027
6;11758;7891150064881;2;01-01-2027
6;15297;8710428018588;5;01-01-2027
6;15266;8710428018564;5;01-01-2027
6;18055;7804679600027;5;01-01-2027
6;6370;7800055000450;1;01-01-2027
6;3638;7794640170164;3;01-01-2027
6;23912;7804656601245;1;01-01-2027
6;5136;7891317022624;1;01-01-2027
6;15565;8903726220436;1;01-01-2027
6;1434;5702191029574;1;01-01-2027
6;5702;7612797155721;0;01-01-2027
6;1340;7805010005105;4;01-01-2027
6;3734;7795368001990;1;01-01-2027
6;4986;7800018001180;1;01-01-2027
6;13139;736085411423;1;01-01-2027
6;8352;7804650880059;1;01-01-2027
6;12294;8427426033306;2;01-01-2027
6;12329;8429420139336;1;01-01-2027
6;4692;7800007805140;4;01-01-2027
6;13140;3337875583626;1;01-01-2027
6;13850;7509546076300;1;01-01-2027
6;4674;7800007804228;2;01-01-2027
6;11774;7891317006648;3;01-01-2027
6;23933;7804673040560;1;01-01-2027
6;4645;7800007802279;1;01-01-2027
6;4715;7800007807205;2;01-01-2027
6;13889;7702031976493;1;01-01-2027
6;7134;7800063320182;5;01-01-2027
6;6367;7800055000375;1;01-01-2027
6;17851;7800055000481;1;01-01-2027
6;22040;7798008964020;1;01-01-2027
6;7245;7800068010897;1;01-01-2027
6;25222;7800059006991;1;01-01-2027
6;1365;5027314502940;1;01-01-2027
6;25274;7804651290321;1;01-01-2027
6;3728;7795347982913;1;01-01-2027
6;3727;7795347982890;1;01-01-2027
6;6819;7800060414242;2;01-01-2027
6;2658;7613033038808;5;01-01-2027
6;17991;7804623852106;1;01-01-2027
6;26403;7809576419963;2;01-01-2027
6;26404;7809576419970;2;01-01-2027
6;22124;7798008964075;1;01-01-2027
6;22885;8906051722880;6;01-01-2027
6;719;7804651290130;6;01-01-2027
6;25822;7730963250909;2;01-01-2027
6;25319;7805633028727;1;01-01-2027
6;26632;7805633028758;2;01-01-2027
6;7115;7800063311746;1;01-01-2027
6;7116;7800063311753;1;01-01-2027
6;17864;3499320006576;1;01-01-2027
